Domain,Status,Attractiveness,Demand,Length,Sectors,Created,Expires,Registrar
one.ltd,resell,132,44%,3,"Business,General,Media,Technology",02/09/2024 15:15,02/09/2026 15:15,Dynadot Inc
tenth.ltd,available,116,7%,5,Mathematics,,,
flat.ltd,resell,116,24%,4,"Construction,Real Estate",31/03/2025 04:15,31/03/2026 04:15,Alibaba Cloud Computing Ltd. d/b/a HiChina (www.net.cn)
sixth.ltd,available,100,8%,5,Mathematics,,,
ninth.ltd,available,100,9%,5,Mathematics,,,
eighth.ltd,available,100,6%,6,Mathematics,,,
third.ltd,available,100,16%,5,Mathematics,,,
twentieth.ltd,available,92,3%,9,Mathematics,,,
hundred.ltd,available,88,14%,7,Mathematics,,,
fifteen.ltd,available,88,13%,7,Mathematics,,,
ten.ltd,resell,88,28%,3,"General,Mathematics",22/06/2016 16:00,22/06/2026 16:00,Alibaba Cloud Computing Ltd. d/b/a HiChina (www.net.cn)
three.ltd,expiring,88,24%,5,Mathematics,04/09/2022 13:15,04/09/2025 13:15,Automattic Inc.
xiv.ltd,available,86,12%,3,Mathematics,,,
seventeen.ltd,available,84,7%,9,Mathematics,,,
twentyone.ltd,available,84,13%,10,Mathematics,,,
nineteen.ltd,expiring,84,8%,8,Mathematics,30/08/2022 08:36,30/08/2025 08:36,"Key-Systems, LLC"
fivesome.ltd,available,82,1%,8,Sports,,,
first.ltd,resell,80,36%,5,"General,Mathematics",22/06/2016 16:00,22/06/2030 16:00,Alibaba Cloud Computing Ltd. d/b/a HiChina (www.net.cn)
two.ltd,resell,80,24%,3,Mathematics,07/11/2019 16:00,07/11/2026 16:00,Alibaba Cloud Computing Ltd. d/b/a HiChina (www.net.cn)
twenty.ltd,available,80,12%,6,Mathematics,,,
trio.ltd,expiring,80,21%,4,Entertainment,07/09/2023 15:15,07/09/2025 15:15,"Xiamen ChinaSource Internet Service Co., Ltd"
sixtynine.ltd,available,78,8%,10,Mathematics,,,
twentysix.ltd,available,78,8%,10,Mathematics,,,
fourteenth.ltd,available,76,1%,10,Mathematics,,,
hundredth.ltd,available,76,1%,9,Mathematics,,,
eighteen.ltd,resell,76,7%,8,Mathematics,08/07/2024 11:16,08/07/2026 11:16,"GoDaddy.com, LLC"
firstrate.ltd,available,76,6%,10,Business,,,
thirteenth.ltd,available,76,4%,10,Mathematics,,,
thousandth.ltd,available,76,1%,10,Mathematics,,,
fifteenth.ltd,available,76,2%,9,Mathematics,,,
nineteenth.ltd,available,76,3%,10,Mathematics,,,
single.ltd,resell,74,19%,6,Sports,20/10/2017 08:01,20/10/2025 08:01,Alibaba Cloud Computing Ltd. d/b/a HiChina (www.net.cn)
trey.ltd,available,72,14%,4,Sports,,,
ninetieth.ltd,available,72,1%,9,Mathematics,,,
seventieth.ltd,available,72,1%,10,Mathematics,,,
ternary.ltd,available,72,7%,7,Mathematics,,,
trinity.ltd,available,72,18%,7,Religion,,,
eightieth.ltd,available,72,1%,9,Mathematics,,,
sixtieth.ltd,available,72,1%,8,Mathematics,,,
tiptop.ltd,resell,70,24%,6,Fashion,13/04/2017 14:11,13/04/2029 14:11,Alibaba Cloud Computing Ltd. d/b/a HiChina (www.net.cn)
foursome.ltd,available,68,4%,8,Sports,,,
octonary.ltd,available,68,1%,8,Mathematics,,,
thirtieth.ltd,available,68,1%,9,Mathematics,,,
sevener.ltd,available,68,1%,7,Mathematics,,,
fortieth.ltd,available,68,0%,8,Mathematics,,,
fiftieth.ltd,available,68,0%,8,Mathematics,,,
septenary.ltd,available,68,1%,9,Mathematics,,,
ennead.ltd,available,68,5%,6,Mathematics,,,
thirty.ltd,available,66,8%,6,Mathematics,,,
century.ltd,expiring,66,17%,7,Education,03/09/2017 17:08,03/09/2025 17:08,"Chengdu West Dimension Digital Technology Co., Ltd."
clv.ltd,available,66,10%,3,Mathematics,,,
xvi.ltd,available,66,5%,3,Mathematics,,,
five.ltd,resell,66,26%,4,Mathematics,22/06/2016 16:00,22/06/2026 16:00,Alibaba Cloud Computing Ltd. d/b/a HiChina (www.net.cn)
ninety.ltd,available,66,11%,6,Mathematics,,,
xviii.ltd,available,66,5%,5,Mathematics,,,
sextet.ltd,available,66,1%,6,Entertainment,,,
xvii.ltd,available,66,5%,4,Mathematics,,,
xii.ltd,available,66,10%,3,Mathematics,,,
acappella.ltd,available,66,6%,10,Entertainment,,,
onec.ltd,available,66,6%,5,Mathematics,,,
xxv.ltd,available,66,6%,3,Mathematics,,,
xxvi.ltd,available,66,3%,4,Mathematics,,,
xxii.ltd,available,66,6%,4,Mathematics,,,
latest.ltd,available,66,18%,6,Technology,,,
xxi.ltd,available,66,10%,3,Mathematics,,,
eighty.ltd,available,66,6%,6,Mathematics,,,
twodozen.ltd,available,62,1%,9,Mathematics,,,
chiliad.ltd,available,62,2%,7,Mathematics,,,
troika.ltd,available,62,8%,6,Politics,,,
longdozen.ltd,available,62,2%,10,Mathematics,,,
fortyfour.ltd,available,62,6%,10,Mathematics,,,
eighteenth.ltd,available,62,1%,10,Mathematics,,,
sixteenth.ltd,available,62,1%,9,Mathematics,,,
eleventh.ltd,available,62,5%,8,Mathematics,,,
cxxx.ltd,available,60,4%,4,Mathematics,,,
xcl.ltd,available,60,5%,3,Mathematics,,,
tertiary.ltd,available,60,4%,8,Education,,,
clxxv.ltd,available,60,1%,5,Mathematics,,,
cxx.ltd,available,60,10%,3,Mathematics,,,
sixty.ltd,available,60,13%,5,Mathematics,,,
cxv.ltd,available,60,4%,3,Mathematics,,,
clxx.ltd,available,60,3%,4,Mathematics,,,
clx.ltd,available,60,10%,3,Mathematics,,,
cxlv.ltd,available,60,2%,4,Mathematics,,,
eightysix.ltd,available,60,7%,10,Mathematics,,,
cxxv.ltd,available,60,1%,4,Mathematics,,,
cxxxv.ltd,available,60,2%,5,Mathematics,,,
clxxx.ltd,available,60,1%,5,Mathematics,,,
clxv.ltd,available,60,1%,4,Mathematics,,,
cxl.ltd,available,60,7%,3,Mathematics,,,
pentad.ltd,available,58,2%,6,Mathematics,,,
niner.ltd,available,58,5%,5,Mathematics,,,
hexad.ltd,available,58,4%,5,Mathematics,,,
fourscore.ltd,available,58,4%,9,Mathematics,,,
alacarte.ltd,available,58,11%,10,Food and Beverage,,,
eighter.ltd,available,58,2%,7,Mathematics,,,
octad.ltd,available,58,5%,5,Mathematics,,,
sixer.ltd,available,58,5%,5,Sports,,,
fourth.ltd,available,58,13%,6,Mathematics,,,
fifth.ltd,available,58,12%,5,Mathematics,,,
centesimal.ltd,available,58,1%,10,Mathematics,,,
seventy.ltd,available,58,7%,7,Mathematics,,,
sextuplet.ltd,available,58,1%,9,Healthcare,,,
twelfth.ltd,available,58,2%,7,Mathematics,,,
heptad.ltd,available,58,1%,6,Mathematics,,,
lxxx.ltd,available,58,2%,4,Mathematics,,,
sixtyone.ltd,available,58,3%,9,Mathematics,,,
fiftyfour.ltd,available,56,3%,10,Mathematics,,,
fortyone.ltd,available,56,4%,9,Mathematics,,,
fortytwo.ltd,available,56,17%,9,Mathematics,,,
xxxvi.ltd,available,56,1%,5,Mathematics,,,
xliv.ltd,available,56,2%,4,Mathematics,,,
fiftytwo.ltd,available,56,6%,9,Mathematics,,,
xlvii.ltd,available,56,2%,5,Mathematics,,,
fortynine.ltd,available,56,3%,10,Mathematics,,,
fiftyone.ltd,available,56,7%,9,Mathematics,,,
xxiii.ltd,available,56,5%,5,Mathematics,,,
xlviii.ltd,available,56,1%,6,Mathematics,,,
lvii.ltd,available,56,1%,4,Mathematics,,,
halfdozen.ltd,available,56,1%,10,Mathematics,,,
xxvii.ltd,available,56,3%,5,Mathematics,,,
lvi.ltd,available,56,8%,3,Mathematics,,,
xxviii.ltd,available,56,1%,6,Mathematics,,,
xxxv.ltd,available,56,4%,4,Mathematics,,,
xliii.ltd,available,56,1%,5,Mathematics,,,
xxix.ltd,available,56,4%,4,Mathematics,,,
thirtysix.ltd,available,56,5%,10,Mathematics,,,
ilx.ltd,available,56,5%,3,Mathematics,,,
lii.ltd,available,56,7%,3,Mathematics,,,
xxxiii.ltd,available,56,2%,6,Mathematics,,,
xxxvii.ltd,available,56,2%,6,Mathematics,,,
xxxi.ltd,available,56,9%,4,Mathematics,,,
thirtytwo.ltd,available,56,5%,10,Mathematics,,,
xlvi.ltd,available,56,3%,4,Mathematics,,,
fortysix.ltd,available,56,3%,9,Mathematics,,,
xxxiv.ltd,available,56,1%,5,Mathematics,,,
lviii.ltd,available,56,1%,5,Mathematics,,,
fiftynine.ltd,available,56,4%,10,Mathematics,,,
xxxviii.ltd,available,56,1%,7,Mathematics,,,
xlii.ltd,available,56,5%,4,Mathematics,,,
xli.ltd,available,56,5%,3,Mathematics,,,
fiftyfive.ltd,available,56,7%,10,Mathematics,,,
thirtyone.ltd,available,56,5%,10,Mathematics,,,
fiftysix.ltd,available,56,4%,9,Mathematics,,,
xxxii.ltd,available,56,1%,5,Mathematics,,,
twoscore.ltd,available,54,2%,8,Mathematics,,,
threescore.ltd,available,54,1%,10,Mathematics,,,
quaternion.ltd,available,54,6%,10,Mathematics,,,
deuceace.ltd,available,54,2%,9,Sports,,,
fortyfive.ltd,available,54,4%,10,Mathematics,,,
quatern.ltd,available,54,2%,7,Mathematics,,,
topnotch.ltd,expiring,54,18%,8,Business,09/09/2019 15:21,09/09/2025 15:21,Mesh Digital Limited
quaternity.ltd,available,54,4%,10,Mathematics,,,
lxxxi.ltd,available,52,1%,5,Mathematics,,,
lxviii.ltd,available,52,1%,6,Mathematics,,,
lxxxvi.ltd,available,52,1%,6,Mathematics,,,
lxxxiii.ltd,available,52,1%,7,Mathematics,,,
ixc.ltd,resell,52,5%,3,Mathematics,22/06/2016 16:41,22/06/2026 16:41,"GoDaddy.com, LLC"
xcv.ltd,available,52,7%,3,Mathematics,,,
sixtyfive.ltd,available,52,3%,10,Mathematics,,,
lxxvii.ltd,available,52,2%,6,Mathematics,,,
lxiii.ltd,available,52,2%,5,Mathematics,,,
ninetysix.ltd,available,52,4%,10,Mathematics,,,
eightyone.ltd,available,52,3%,10,Mathematics,,,
lxv.ltd,available,52,5%,3,Mathematics,,,
lxxi.ltd,available,52,1%,4,Mathematics,,,
lxi.ltd,available,52,5%,3,Mathematics,,,
lxii.ltd,available,52,1%,4,Mathematics,,,
ixl.ltd,available,52,9%,3,Mathematics,,,
ninetyone.ltd,available,52,5%,10,Mathematics,,,
sixtytwo.ltd,available,52,3%,9,Mathematics,,,
lxxii.ltd,available,52,1%,5,Mathematics,,,
lxxxii.ltd,available,52,1%,6,Mathematics,,,
sixtyfour.ltd,available,52,3%,10,Mathematics,,,
eightytwo.ltd,available,52,4%,10,Mathematics,,,
ninetytwo.ltd,available,52,4%,10,Mathematics,,,
lxxiv.ltd,available,52,1%,5,Mathematics,,,
lxxiii.ltd,available,52,1%,6,Mathematics,,,
lxvi.ltd,available,52,3%,4,Mathematics,,,
lxvii.ltd,available,52,1%,5,Mathematics,,,
lxxv.ltd,available,52,1%,4,Mathematics,,,
xci.ltd,available,52,4%,3,Mathematics,,,
lxxxvii.ltd,available,52,1%,7,Mathematics,,,
lxxvi.ltd,available,52,1%,5,Mathematics,,,
xcii.ltd,available,52,2%,4,Mathematics,,,
xcvi.ltd,available,52,2%,4,Mathematics,,,
lxiv.ltd,available,52,3%,4,Mathematics,,,
xciv.ltd,available,52,2%,4,Mathematics,,,
xcvii.ltd,available,52,1%,5,Mathematics,,,
lxxxiv.ltd,available,52,1%,6,Mathematics,,,
xciii.ltd,available,52,1%,5,Mathematics,,,
xcviii.ltd,available,52,1%,6,Mathematics,,,
lxxxv.ltd,available,52,1%,5,Mathematics,,,
ogdoad.ltd,available,50,1%,6,Mathematics,,,
triplet.ltd,available,50,8%,7,Science,,,
lxx.ltd,available,50,5%,3,Mathematics,,,
cinque.ltd,available,50,7%,6,Mathematics,,,
lxxxviii.ltd,available,48,1%,8,Mathematics,,,
quaternary.ltd,available,46,3%,10,Mathematics,,,